"TeamId","TeamName","TotalUSDPrize","TotalTournaments"
102,"Team Liquid",35820379.03,1854
419,"OG",34194733.59,101
101,"Evil Geniuses",24269698.79,855
118,"Fnatic",15891208.88,939
185,"Virtus.pro",14964274.39,515
210,"Newbee",14225385.59,231
169,"Vici Gaming",13161309.51,305
211,"Team Secret",12078078.72,279
124,"Invictus Gaming",11704690.1,506
163,"Natus Vincere",11307177.4,491
227,"LGD Gaming",10948410.59,145
212,"Cloud9",9989260.95,766
145,"SK Telecom T1",9805293.78,333
507,"Wings Gaming",9745472.22,27
623,"Paris Saint-Germain Esports",9480579.68,75
240,"FaZe Clan",9228918.83,367
466,"Astralis",8418918.81,94
231,"OpTic Gaming",7903718.96,295
256,"G2 Esports",7759743.02,430
196,"Team SoloMid",6685921,624
216,"Team Envy",6665419.22,357
112,"SK Gaming",6515541.03,664
132,"MVP",6227204.8,487
261,"Alliance",5737542.15,327
111,"mousesports",5420189.26,959
144,"Samsung",5306802.8,353
162,"Ninjas in Pyjamas",5229259.03,334
207,"Counter Logic Gaming",5077193.95,445
571,"Lazarus",5031313.22,262
383,"Chaos Esports Club",4935963,84
425,"NRG Esports",4922364.26,330
343,"Royal Never Give Up",4900886.71,77
814,"Gen.G",4694683.69,64
104,"compLexity Gaming",4471813.23,600
561,"TnC Gaming",4447050.32,58
225,"EHOME",4045181.5,103
117,"Team Dignitas",4010002.1,607
300,"CDEC Gaming",3704903.32,52
317,"Luminosity Gaming",3548357.6,268
311,"EDward Gaming",3456403.73,108
24687,"Sentinels",3433250.68,60
663,"eUnited",3362363.69,192
787,"100 Thieves",3312155.35,72
24684,"Cooler Esport",3300164.26,28
430,"eStar Gaming",3300157.32,54
382,"Splyce",3299842.51,410
251,"Vitality",3237144.81,224
192,"Gambit Esports",3127287.52,182
760,"San Francisco Shock",3105000,7
115,"Team Empire",3084825,429
177,"KT Rolster",2922370.01,219
181,"Jin Air Green Wings",2764915.77,409
123,"World Elite",2442343.31,210
427,"Mineski",2434750.99,82
184,"Flash Wolves",2386592.34,209
830,"Ghost Gaming",2326479.7,173
385,"ENCE eSports",2258454.23,212
337,"Tempo Storm",2181650.14,412
283,"COGnitive Gaming",2016138.32,164
848,"Spacestation Gaming",1932400.64,166
221,"MIBR",1923403,101
557,"Rogue",1895665.94,195
103,"Millenium",1822130.48,562
676,"Dallas Empire",1797504.47,23
344,"OMG",1784300.18,65
195,"Epsilon eSports",1772279.91,242
285,"Team DK",1769242.38,43
451,"Echo Fox",1737629.59,337
209,"HellRaisers",1651504.42,138
126,"TyLoo",1611327.79,164
776,"London Spitfire",1591136.5,13
768,"New York Excelsior",1572618.5,18
213,"Taipei Assassins",1529565.39,24
403,"ahq e-Sports Club",1517072.64,87
141,"CJ Entus",1502458.47,185
934,"Team Reciprocity",1491429.86,82
338,"Renegades",1481905.73,180
24706,"FunPlus Phoenix",1478729.97,23
850,"LeStream Esport",1431833.11,84
826,"Rise Nation",1412612.5,80
763,"Infamous",1370946.01,54
113,"ALTERNATE aTTaX",1355613.15,406
802,"Top Esports",1336062.17,23
267,"ROX Gaming",1332698.26,75
657,"North",1316961.35,86
131,"Incredible Miracle",1312868.72,166
919,"Keen Gaming",1283305.59,43
581,"Russian National Team",1260218.44,26
172,"Denial Esports",1241411.24,178
658,"BIG",1232814.12,159
340,"Qiao Gu Reapers",1220408.2,17
468,"Afreeca Freecs",1209132.72,275
529,"Misfits",1208104.47,175
205,"PENTA Sports",1199115.03,264
24806,"Atlanta Faze",1187500,14
773,"Philadelphia Fusion",1186278.5,15
396,"paiN Gaming",1168349.32,119
411,"Immortals",1131165.15,118
766,"Seoul Dynasty",1130000,6
322,"Team Kinguin",1119008.47,119
136,"StarTale",1117702.92,159
558,"Heroic",1111397.85,76
24680,"Hero JiuJ",1104361.96,5
548,"Method",1088178.04,111
234,"Elevate",1081431.98,150
719,"GamersOrigin",1041248.06,206
24884,"9z Team",1031730.93,24
494,"Team Spirit",1016972.11,127
319,"Vega Squadron",1010673.01,159
913,"Yoshimoto",1006400,3
119,"Meet Your Makers",996205.04,268
193,"Team LDLC.com",980648.35,188
846,"Nova eSports",962284.58,42
856,"Vancouver Titans",950000,4
963,"FURIA Esports",946945.26,64
215,"FlipSid3 Tactics",939555.31,324
655,"Black Dragons e-Sports",934281.95,48
740,"AGO Esports",929105.22,110
833,"Solary",901293.3,150
795,"DragonX",899289.63,25
24703,"DAMWON Gaming",882163.46,12
916,"JD Gaming",871389.2,15
194,"Titan eSports",860876.11,75
805,"AVANGAR",858469.01,69
621,"Ballistix",855000,10
24748,"MAD Lions",833556.43,24
241,"Team KaLiBeR",821775.52,49
365,"Str8 Rippin",821040.45,88
114,"mTw",813379.48,278
530,"Team Allegiance",798580.7,64
546,"Team expert",787335.85,274
420,"Space Soldiers",782943.06,78
24786,"Chicago Huntsmen",782750,11
843,"Four Angry Men",772227.23,25
933,"Windigo Gaming",764124.2,104
342,"Star Horn Royal Club",759830.17,29
24841,"Buriram United Esports",757062.88,16
801,"OGN Entus",755073.68,30
769,"Shanghai Dragons",755000,5
505,"J Team",722000.01,42
24690,"Kungarna",716315.89,19
287,"H2K",713712.74,43
671,"Tricked eSports",713174.39,112
24898,"Valhalla Vikings",712144.55,6
153,"ROOT Gaming",710867.69,639
774,"Los Angeles Gladiators",709605.19,13
372,"Panda Global",697411.89,491
109,"Team Acer",689747.97,571
242,"Final Boss",667891,43
168,"mYinsanity",666123.41,472
142,"Hwaseung OZ",662772.23,44
301,"TongFu",648617.82,43
134,"Prime",635241.44,195
318,"Snake Esports",632602.77,39
442,"EURONICS Gaming",631665.14,288
366,"Birmingham Salvo",623465.73,12
852,"Team Atlantis",618267.52,49
305,"NaJin e-mFire",616799.21,35
501,"GODSENT",604168.84,90
24667,"Suning",602343.44,10
954,"forZe",600618.55,90
861,"Atlanta Reign",596098,9
829,"Winstrike Team",589792.66,46
447,"STX SouL",582668.98,78
24797,"TOX Gaming",569000,11
674,"The Chiefs eSports Club",566204.44,112
183,"AZUBU",551164.03,46
518,"Ad Finem",544089.37,13
525,"Tempest",544085,14
158,"4Kings",544046.42,114
362,"DetonatioN",539438.06,68
770,"Los Angeles Valiant",535000,6
544,"INTZ eSports",532674.09,112
583,"Korean National Team",532247.1,27
309,"Mindfreak",525282.89,86
923,"Eleven Gaming",522100,31
931,"Triumphant Song Gaming",520116.82,116
24833,"London Royal Ravens",519650,11
849,"Nordavind",518874.45,78
708,"Team Singularity",518638.36,140
24781,"Rex Regum Qeon",510845.74,31
364,"Carbon",505208.84,153
572,"Gale Force eSports",504565.14,74
201,"Team 3D",503225,72
374,"Chicago Chimera",497750,7
440,"Illuminar Gaming",495327.14,69
331,"Giants Gaming",495132.05,99
840,"Team Serenity",491431.75,9
577,"Ting",491240.26,146
24734,"Nigma",475124,12
204,"Moscow Five",469104.79,71
248,"Team Infused",467091.66,109
335,"Enemy",462681.45,66
229,"wisdom Nerve victory",462297.48,67
536,"Obey Alliance",460283.28,31
133,"Old Generations",456814.74,77
24773,"HAVU Gaming",452920.01,53
744,"Hong Kong Attitude",452296.84,45
147,"Woongjin Stars",450596.55,47
825,"Pittsburgh Knights",447963.23,55
286,"Orange Esports",446394.67,40
296,"Clan Kapitol",446089.23,37
265,"Unicorns of Love",445039.48,66
237,"Fariko",435621.58,8
720,"Planet Odd",428371.14,16
24708,"Talon Esports",426548.29,19
821,"Griffin",426342.26,18
732,"RunAway",425848.84,20
860,"Hangzhou Spark",425000,3
313,"Origen",420582.91,15
395,"PSISTORM Gaming",419983.17,491
198,"against All authority",417963.95,195
832,"Team Queso",416359.62,31
789,"KSV eSports",408998.2,14
107,"FXOpen e-Sports",406442.24,144
847,"UYU",405300.51,102
24780,"EVOS",404412.94,37
137,"Team SCV Life",402513.32,187
765,"GC Busan",394681.71,18
135,"SlayerS",383967.89,96
413,"eSuba",383657.25,169
827,"Red Reserve",383100,34
948,"Red Bull eSports",382547.68,15
24782,"BDS Esport",380942.41,19
139,"WeMade FOX",379900.51,87
609,"Chinese National Team",376925.36,25
613,"Lunatic-hai",376129.41,21
482,"Team Kongdoo",374172.35,34
24957,"Toronto Ultra",370000,4
323,"x6tence",367450.77,90
921,"Actoz Stars",366375.5,9
688,"Florida Mutineers",366000,7
25049,"OpTic Gaming Los Angeles",360000,5
462,"exceL eSports",358344.52,73
485,"Longzhu Gaming",355907.81,8
121,"Radical Online X-tremists",352203.38,180
713,"Marines Esports",351535.06,15
349,"Team Celestial",350689.91,29
24742,"Dragon Phoenix Gaming",350449.13,96
304,"Team Archon",347056.08,63
797,"Rogue Warriors",346385.8,10
920,"CR4ZY",341535.19,52
220,"Team Roccat",340809.58,100
24828,"Infantry Clan",340077.96,13
967,"Enigma6 Group",339375,18
24707,"DarkZero Esports",338000,11
928,"Werder Bremen eSports",337338.8,14
516,"I May",335703.2,5
817,"FlyToMoon",335161,15
24835,"BOOM Esports",334439.16,36
306,"Nihilum Gaming",333932.42,39
695,"Vietnamese National Team",332500,8
24945,"King of Gamers Club",329420.93,8
790,"Sprout",328749.05,40
481,"Supremacy",325335.57,86
236,"Team Curse",322901.58,140
823,"Welcome to South Georgo",322800,9
698,"Team One More",321122.23,9
421,"Reason Gaming",318181.8,135
586,"French National Team",316879.45,32
218,"Team VeryGames",308996.24,84
24787,"Endpoint",305399.04,45
918,"Execration",303807.43,22
24946,"Bazaar Gaming",300325.26,7
637,"Taiwanese National Team",299325,15
909,"Team Aster",298218.19,28
781,"Team QLASH",296947.42,113
24777,"NASR eSports",294871.03,15
539,"The Imperial",289505.3,51
771,"Boston Uprising",288606,7
479,"Team Eager",288250,15
24783,"Wildcard Gaming",288204.75,22
24746,"Geek Fam",285544.33,22
226,"Rave",285198.43,17
24803,"Team Unique",282226.1,34
24705,"Team Faceless",281033,10
24743,"Bigetron eSports",280794.58,7
610,"American National Team",279399.95,20
664,"FlyQuest",278786.25,23
638,"Thai National Team",277125,11
24668,"World Best Gaming",269935.69,9
120,"ESC Gaming",269572.65,292
513,"Schalke 04 Esports",266699.22,29
824,"The Gosu Crew",263015.65,37
545,"L5",259630,7
910,"J.Storm",258600,12
253,"SG e-sports",257951.55,16
230,"Pentagram G-Shock",257376.53,18
143,"MBCGame HERO",257121.26,44
200,"Team NoA",256297.62,25
24918,"Shoot To Kill",255578.75,22
24958,"New York Subliners",255450,6
735,"Myztro Gaming",253503.2,85
347,"CM Storm",253404.17,74
660,"Bravado Gaming",252172.1,50
709,"Pantech",251990.64,23
646,"Escape Gaming",251687.9,11
24819,"VC Gaming",251280.6,3
863,"Washington Justice",250000,1
24793,"Team One",249251.31,37
656,"Tainted Minds",245856.29,74
197,"Copenhagen Wolves",244670.54,85
24784,"Susquehanna Soniqs",244486.11,18
716,"Isurus Gaming",244325.41,54
24900,"Become Legends",242330,24
930,"Chivo SC",239973.64,65
575,"Albus NoX Luna",238702.5,3
818,"Hanbit Stars",237891.93,34
579,"German National Team",237642.92,41
24774,"Riot Squad Esports",235900,12
405,"Legacy eSports",233304.16,92
268,"Keyd Stars",229889.54,76
543,"RED Canids",229513.1,48
233,"TCM Gaming",229316.24,106
951,"Team GamerLegion",226053.76,29
712,"Team NP",224679,9
808,"Team Gigantti",224542.69,13
214,"Clan 519",223840,36
499,"Team Naventic",221569,11
24950,"Osh-Tekk Warriors",219867,6
208,"KaBuM! e-Sports",218990.53,32
224,"Big God",218550.13,2
25071,"QueeN Walkers",216250,5
584,"Swedish National Team",215173.01,32
707,"Movistar Riders",212677.45,61
775,"Florida Mayhem",212672.5,8
24839,"Thailand National Player",209815.58,4
367,"Carolina Core",209000,9
652,"Greatest Ones",208896.98,30
834,"Gentside Esports Club",208138.92,18
748,"beastcoast",202932.79,61
793,"Bilibili Gaming",202383.4,10
24812,"Made in Thailand",201993.65,50
531,"Saigon Jokers",201934.86,25
24818,"DeToNator",201315.97,29
730,"Mock-It eSports",201072.83,101
743,"Kaos Latin Gamers",198769.35,14
24722,"CYCLOPS athlete gaming",197215.81,23
408,"X-Team",195470.53,89
281,"Bad Monkey Gaming",194102.35,23
24881,"Crazy Raccoon",193521,15
736,"Young Miracles",193302,5
414,"Dark Passage",191821.49,29
675,"Team RivaL",190805.2,13
452,"Avant Gaming",190640.73,48
453,"Paradigm",190000,4
24733,"Illuminate",189699.05,12
582,"Ukranian National Team",188738.18,17
589,"Canadian National Team",188625,18
955,"Quincy Crew",186422,12
862,"We Dem Girlz",184834.71,38
745,"Lyon Gaming",184012.05,16
106,"Quantic Gaming",183554.62,105
780,"Minnesota RØKKR",183500,6
24832,"ORDER",183455.44,25
297,"Empire Arcadia",183244.66,485
521,"Selfless Gaming",181464.8,93
24874,"MEGA Esports",178132.37,14
966,"Team Heretics",177884.23,26
777,"Luminous Stars",177829.84,10
661,"M19",176847.4,19
164,"Axiom eSports",176342.72,109
24971,"MCES",174970,6
912,"VRS Coanda Simsport",171340.69,12
275,"Prophecy",169940.32,28
24672,"Vikin.gg",169906.93,23
922,"Tigers",169171.28,5
149,"Serious Gaming",167729.16,99
24813,"Armory Gaming",166106.61,19
677,"Astral Authority",164000,9
398,"CNB e-Sports Club",163105.89,55
24879,"TrainHard eSport",162646.6,20
127,"Gama Bears",162263.28,26
228,"HyperGloryTeam",160922.77,9
700,"Greek National Team",159600,4
653,"Arma Team",158510,104
24715,"Team Adroit",156240.3,18
266,"Planetkey Dynamics",155606.2,135
416,"Positive Energy",154778.03,8
949,"Williams Esports",153859.84,19
24704,"SANDBOX Gaming",153807.9,6
678,"Scythe Gaming",153705.22,6
941,"FAV gaming",152899.94,8
958,"FC Barcelona",152734.86,15
24716,"Paris Legion",152500,5
341,"Team King",152173.93,9
588,"Finnish National Team",152018.78,21
24776,"Raise Your Edge Gaming",151147.41,97
24709,"KaiZi Gaming",150085.32,92
24902,"Executors One",150000,2
762,"Miraculous Youngster",148594.21,7
223,"team9",148390.78,15
24775,"Copenhagen Flames",146660.02,34
962,"SinoDragon",146609.8,5
262,"Vox Eminor",144519.35,39
165,"eSTRO",144168.13,34
739,"PRIDE Gaming",143960.4,85
24682,"Veloce Esports",143718.18,14
389,"Maximum Impact Gaming",143000.29,7
764,"Pompa Team",142770.29,56
926,"Mkers",142602.5,66
246,"Team Orbit",141611.99,42
263,"Frag eXecutors",141281.27,21
24844,"SJ Gaming",140221.04,33
302,"London Conspiracy",139286.29,41
715,"froyotech",138797.99,42
24851,"Libalent",137762,4
734,"Blank Esports",137105.66,8
174,"Western Wolves",136088.53,57
312,"Dead Pixels",134260.26,255
483,"Team No Limit",132718.55,9
24899,"Helsinki REDS",131792.37,9
783,"Team Aretuza",130156.66,13
404,"Bangkok Titans",129837.01,22
24829,"Athletico",129815.28,26
742,"Fade 2 Karma",128987.34,55
277,"n!faculty",127207.69,45
767,"Houston Outlaws",126172,4
24907,"Nemiga Gaming",126073.56,38
841,"Team Gamer Sensei",125255.28,9
314,"Karont3 e-Sports Club",124836.17,44
257,"Team Tinker",124439.09,15
316,"Beşiktaş e-Sports Club",122459.89,23
380,"Lemondogs",122243.96,16
24864,"QConfirm",122099.88,7
937,"PONOS Sports",121666.67,7
357,"San Francisco Optx",121500,6
409,"True eSport",120324.44,192
682,"Kuala Lumpur Hunters",119837.07,26
486,"Zenith of Origin",119710.33,80
222,"emuLate!",118230.2,19
24814,"Purple Mood E-Sport",117777.98,17
587,"Polish National Team",117487.56,20
24878,"MCES",117150,22
264,"Lions",116405.03,28
243,"Speed Gaming",116355.64,10
180,"Cascade",116306.08,186
24872,"SCARZ",116067.36,23
219,"iBUYPOWER",115208.84,28
512,"VfL Wolfsburg",113365.89,39
24788,"Lowkey Esports",112714.24,12
203,"3DMAX",112024.44,51
24796,"Triumph",111000,31
608,"British National Team",110840.6,14
443,"ESC Ever",110031.24,7
235,"Strictly Business",109630,13
733,"Pirates of Space",109426.35,11
24906,"k1ck eSports Club",109369.6,20
373,"LMQ",109112.01,8
24969,"Tribe Gaming",109000,10
24953,"Divine Vendetta",108706,5
24825,"Divine Esports",107996.41,8
125,"PanDarea",107615.42,21
602,"Danish National Team",107060.17,18
157,"Wayi Spider",106696.22,50
642,"OnGameNet SPARKYZ",106588.09,21
273,"The Titans",105411.19,12
842,"4 Clovers & Lepricon",105298.45,8
489,"The MongolZ",105097.59,22
639,"Brazilian National Team",104950,9
956,"Aftermath",103663.03,81
839,"Forward Gaming",102510,11
130,"New Star HoSeo",102207.62,49
925,"Singapore Sentinels",102112.19,18
508,"LowLandLions",101849.34,68
580,"Norweigan National Team",101772.71,14
24678,"Brave Star Gaming",101624.99,97
299,"Power Rangers",101372.62,34
24821,"Genesis",101258,4
24790,"Absolute",100567.64,12
599,"Spanish National Team",100390.71,17
24744,"FDA Hublot Esports Team",1e+05,1
315,"Invasion eSport",99897.23,125
726,"OSC Elite",99817.22,147
24822,"QM Gaming",98702.56,6
687,"LuxuryWatch",98604.83,13
24842,"Entity Gaming",98585.78,29
24789,"Ground Zero Gaming",98585.56,17
175,"apeX eSports",98456.11,12
290,"Ocean Gaming",97841.4,51
927,"PSV eSports",97739.65,13
914,"Grayhound Gaming",97656.67,15
650,"Circa eSports",97505.64,85
666,"Burrito Esports",96739.21,24
475,"Xenics",96343.91,16
24785,"Infinity Esports",96311.55,24
625,"Ajax Amsterdam eSports",96306.49,23
24820,"The Rumblers",96000,5
138,"ZeNEX",95798.79,46
24857,"Estral Esports",95250,10
25065,"Vatang",95000,3
24671,"Northern Gaming",94624.01,27
24795,"PACT",94484.67,27
392,"Team FeaR",93745.05,13
188,"Begrip Gaming",93132.67,16
635,"Australian National Team",93025,11
965,"ARCY",92840.1,18
523,"Dream Team",92697.96,28
24933,"ad hoc gaming",91869.3,32
24866,"FURY",91603.28,12
851,"Paris Eternal",91600,3
24836,"k23",90408.63,26
938,"GameWith",90166.67,4
386,"Cats Gaming",89169.97,72
293,"Noble eSports",88863.18,31
329,"Team Malaysia",88584.27,9
24847,"Fighting PandaS",88000,5
24772,"Swole Patrol",88000,24
24737,"FATE Esports",87941.1,10
24801,"Simplicity Esports",87593,10
24845,"KOVA Esports",87185.26,16
24720,"Syman Gaming",86874,18
746,"Team TopDeck",86574.32,8
644,"iGame.com",86488.02,18
859,"Guangzhou Charge",86250,3
503,"Hard Random",85851.35,13
176,"Exile5",85215.15,86
24745,"Alfa Romeo Racing F1 Esports Team",85000,1
616,"Project_kr",84790.5,8
24963,"DefuseKids",84680.98,29
148,"vVv Gaming",84551.07,19
591,"Turkish National Team",84079.22,8
520,"Phoenix1",83633.03,52
592,"Argentinian National Team",82858.56,9
24713,"Tornado Energy",82594.1,11
371,"Winterfox",82490.52,67
643,"1907 Fenerbahçe Esports",82472.84,9
598,"Dutch National Team",82238.35,16
684,"Fable eSports",81868.5,10
612,"Team Skadis Gift",80797.99,10
759,"Dallas Fuel",80000,3
779,"Brøndby IF eSport",79770,8
690,"Italian National Team",77500,11
593,"Czech National Team",76383.55,6
191,"a-Losers",76316.94,20
946,"McLaren Shadow",76000,2
24750,"Trelleborg Team",75109.31,13
24877,"MnM Gaming",74883.49,33
24815,"Hive",74500,7
24948,"Team Flash",74289.52,3
761,"GameTV",73257.32,71
439,"FM eSports",73006.75,29
24714,"Northern Lights",72850,8
786,"Clutch Gaming",72812.5,3
24826,"Sunsister",71749.7,15
308,"Automatic Reload",71575,5
24674,"Mazer Gaming",70194.09,10
457,"Berlin Allianz",70000,2
25012,"The Peeps",69250,5
206,"LGB eSports",68457.08,23
24883,"Yeah Gaming",68013.67,26
217,"Team Property",67644.03,33
320,"SBENU",66726.07,32
24865,"Xavier Esports",66681.25,12
274,"EYEBALLERS",66301.88,8
464,"Team Question Mark",66060.56,4
434,"AT Gaming",66009.56,65
454,"Alien Invasion",65878.06,130
696,"Japanese National Team",65500,8
24890,"Cream Esports",65435.45,7
24717,"ATK",64768.13,18
330,"VwS Gaming",64345.79,152
844,"Sigma",63620.13,9
108,"CheckSix Gaming",63515.24,35
550,"Most Valuable Gaming",63452.53,75
799,"Wind and Rain",63238.65,33
940,"Mercedes-AMG Petronas Esports",62500,2
714,"Team Random",62500,1
723,"Thunderbirds",62500,1
626,"Manchester City eSports",62400,11
24702,"Team Redline",62400,7
24991,"Optimal Ambition",62333.34,3
339,"Hong Kong Esports",62332.6,9
711,"Team Zenith",62312.76,9
24683,"Triple Trouble",62286.7,9
24893,"Third Impact",61095,13
129,"For Our Utopia",60175.76,19
417,"Team Hearthlytics",60010,15
393,"Team Vulcun",60000,3
473,"Team Coast",59950,10
753,"Ronin Esports",59576.2,13
835,"Oserv Esport",59506.41,9
788,"Team Catch-Gamer",59263.61,10
24725,"x3o",59100.8,15
24903,"M10 Esports",59100,10
957,"Polar Ace",58913.81,15
794,"TitanEX1",58132.79,64
334,"Team Dragon Knights",58000,7
24861,"mudgolems",57750,3
24859,"Rated R",57000,6
524,"AGAiN",56847.13,9
915,"Omnislash",56822.83,14
471,"Ocrana",56810.11,10
25018,"sAw",56653.84,14
352,"Anexis eSports",56625.39,33
943,"Sauber F1 Esports Team",56000,2
820,"Winners",55812.77,13
25060,"Darkest MuZhan",55000,3
354,"GamingGear.eu",54909.4,8
24882,"Raised by Kings",54837.6,5
239,"Spirit of Amiga",54646.44,21
857,"Toronto Defiant",54400,3
606,"Romanian National Team",54375.64,11
24824,"Global Esports Xsset",54259.38,5
701,"New Zealand National Team",54100,6
384,"NewRoSoft",53987.44,65
24843,"Futbolist",53764.12,3
24670,"Lux Gaming",53325,8
435,"Young Glory",52965.57,6
348,"XMG",52604.36,84
24955,"DivisionX Gaming",52216.16,7
24735,"Sharks Esports",52084.92,12
668,"Asterion",51530.77,93
699,"Hong Kong National Team",51500,5
199,"goodgame",51247.86,18
597,"Singaporian National Team",51125,7
683,"Hite SPARKYZ",50818.59,16
24869,"CERBERUS Esports",50799.88,10
25002,"Parallax Gaming",50666,5
24901,"Dynamind",50650,2
24904,"Riddle",50400,2
24905,"Stratum Esports",50300,2
406,"3sUP Enterprises",50126.66,13
819,"Hanwha Life Esports",49868.6,6
24830,"CrowCrowd",48812.51,8
24700,"Nora-Rengo",48760,7
25066,"eleVen Original",48750,4
929,"Pixel 1",48592.1,39
189,"69°N-28°E",48449.74,6
614,"Team WinFakt",48266.3,14
284,"spiXel",48130.12,7
150,"hoorai",48121.67,13
831,"Rift Esports",48079.11,3
25069,"Ni Chang Dance",47500,2
159,"Absolute Legends",47434.47,39
718,"Mysterious Monkeys",46778.9,14
500,"REUNITED",46362.97,33
25032,"SINNERS Esports",46055.36,7
526,"Team X",46000,5
358,"CLASH Tournaments",45988.3,183
611,"NGA Club",45335.36,7
24938,"Wave Esports",45323.18,26
444,"Unlimited Potential",45312.6,3
24736,"Radiance",44925.4,14
24823,"WClick",44600,3
288,"Temp.no",44475.44,23
596,"Austrian National Team",44409.12,8
24676,"AS Monaco Esports",44345.7,14
537,"Even Matchup Gaming",44044.24,96
333,"Team Impulse",43000,5
24975,"ELL",42868.2,1
551,"Team Revolution",42724.5,82
665,"bbq Olivers",42359.3,6
190,"Destination-Skyline",41549.71,11
792,"Golden Guardians",41492.85,4
24677,"Team Oplon",41199.76,42
426,"OverGaming",40935.37,22
24689,"Apex Racing Team",40934.42,6
24875,"ArkAngel",40800,7
24944,"303 Esports",40538.75,12
361,"VGBootCamp",40312.22,114
605,"Portugese National Team",40238.7,7
791,"Playing Ducks",40061.31,27
942,"Toro Rosso Esports Team",40000,1
944,"University of Illinois at Urbana-Champaign",40000,1
156,"Gravitas Gaming",39839.43,18
24794,"Hard Legion Esports",39504.5,10
278,"Astana Dragons",38823.69,11
368,"Clan-Mystik",38751.6,19
25027,"Vision Strikers",38000,2
502,"Lounge Gaming",37962.07,9
24679,"Konix eSport",37910.92,23
594,"Bulgarian National Team",37868.11,8
252,"Lightning Pandas",37829.32,4
693,"Belgian National Team",37525,8
410,"Conquest",37500,5
326,"Brutality",37446.23,25
247,"(monkey) Business",37194,2
397,"Torpedo Gaming",37192.25,14
615,"DTS Gaming",37050.43,21
24942,"Oxygen Esports",36500,4
155,"Online Kingdom",36090.5,7
506,"Team SPACECRAFT",36071.09,39
271,"GameOnline",35882.37,4
24996,"Built By Gamers",35633.32,5
355,"JaX Money Crew",35450,11
24919,"Exalty",35183.35,60
24967,"EXO Clan",35181.14,21
24810,"EUs Finest",35000,3
25079,"H.T Family",35000,1
24755,"John Deere Gaming",34759.93,12
559,"Smash Studios",34498.06,223
401,"Elite Wolves",34277,8
295,"Imaginary Gaming",34191.47,43
24913,"Vexed Gaming",34062.3,16
24886,"Sector One",33977.6,22
845,"Team Massive Dragons",33977.53,2
953,"Demise",33813.41,35
528,"Valencia CF eSports",33714.38,13
585,"Mexican National Team",33317,9
654,"Cyclone",33262.22,14
24894,"Nexus Gaming",32659.46,8
24934,"Charlotte Phoenix",32200,4
459,"London Mint",32086.7,5
816,"O'Gaming",31870.64,44
260,"No Tidehunter",31777.08,13
388,"myRevenge",31677.8,33
25042,"Ellevens Esports",31500,3
24747,"Racing Point F1 Esports",31450,2
807,"Business associates",31365,9
24754,"Team GRIMME",31306.26,9
289,"UNiTE Gaming",31200,7
441,"Huma",31178.54,4
412,"Team LoLPro",30750,10
24850,"DreamEaters",30541.29,11
24834,"NoPing e-sports",30438,6
24908,"SKADE",30318.6,11
636,"Chilean National Team",30000,3
456,"Mexico City Furia",30000,2
356,"Melee it on Me",29937.34,156
24939,"MS Chonburi",29912.83,3
510,"Epik Gamer",29750,6
25041,"Avidity Esports",29500,2
25043,"Canberra Havoc",29500,4
574,"ANOX",29324.99,10
24885,"London Esports",29309.09,12
399,"T Show",29233.11,25
810,"Team Orcus",28863.8,1
24669,"Armada Esports",27872.63,80
495,"Team Blacer",27834.95,58
152,"Eclypsia",27777.57,21
645,"Boreal eSports",27732.04,53
519,"Apex Gaming",27500,2
24860,"FireNIce Esports",27500,3
24849,"Royal Youth",27487.5,2
24800,"RBG Esports",27010.36,10
704,"Swiss National Team",27000,3
24848,"İstanbul Wild Cats",26752.82,6
469,"Dallas Venom",26500,4
24856,"pro100",26083.5,10
423,"nerdRage",26026.74,22
25010,"Echo Zulu",25885.7,14
474,"Good Game University",25700,2
622,"Rising Stars Gaming",25560.05,16
24753,"KRONE eSports",25320.66,11
24831,"Rascal Jester",25135.74,9
270,"WICKED eSports",25005.55,7
400,"Epiphany Bolt",24940.52,28
727,"The Muffin Men",24900,8
24749,"Burning-Gamers.de",24870.67,9
25016,"Neon Esports",24810.55,5
345,"Masters 3",24718,2
689,"DuSt Gaming",24586.35,116
359,"Trig Esports",24512.24,11
418,"Team Meka",24469.24,32
24968,"Wygers",24026,6
24909,"SMASH Esports",24000,3
478,"Fraternitas",23806.91,24
24993,"XSET",23700,6
24729,"Chicken Fighters",23500,3
24921,"Omen Elite",23263.75,5
911,"Pure Racing Team",23075,3
702,"Peruvian National Team",23000,4
259,"Team Admiral",23000,2
431,"Team Fusion",23000,3
291,"PotM Bottom",22954,4
706,"Dark Sided",22930.66,21
407,"Brave e-Sports",22804.83,12
238,"JusTus",22780,8
433,"8th Team",22691.19,13
694,"Kazakh National Team",22600,4
24911,"CeX",22580.38,18
460,"Sydney Underground",22500,2
721,"Kyoto eSports",22315.7,11
24712,"Elgiganten Gaming",22312.06,9
450,"Inspire Esports",22297.9,4
731,"The Leftovers",22293.99,11
254,"Exertus eSports",22271.76,23
298,"Broken Tier",22157.4,59
351,"Gameburg Team",22140.16,6
24871,"Sandrock Gaming",22100.95,8
627,"EarthRoot Gaming",22019.83,31
24858,"Regal Reserve",22000,3
667,"Horde",21976.36,4
24771,"Team Phantasma",21975,8
167,"IvDgaming",21658.65,28
24718,"Project EVERSIO",21608.33,28
445,"Ember",21500,2
24965,"Beyond Esports",21396.79,12
649,"2GGaming",21181.14,45
24959,"Los Angeles Guerrillas",20833.33,5
187,"Team Nv",20524.15,21
25036,"5men",20411,4
24917,"Digital Athletics",20400,6
437,"E-corp Gaming",20265.95,11
673,"Gold Coin United",20000,2
947,"Hype Energy eForce India",20000,1
24792,"LiViD Gaming",19958.6,3
477,"IsIMBA",19885.38,55
600,"Serbian National Team",19620.22,4
24870,"RCD Espanyol",19578,5
422,"Ex Nihilo",19551.02,6
24724,"Cygames Beast",19356.35,2
24891,"Unsold Stuff Gaming",19275,4
24696,"Hippomaniacs",19257.13,16
601,"Philippines National Team",19200,5
480,"PuLse Gaming",18797.97,2
363,"Big3",18683.42,7
24943,"72 Pin Connector",18375,3
24868,"Victim",18200,3
24817,"All Rejection Gaming",18194.03,5
24739,"Fast Racers Forza",18000,2
517,"No Diggity",18000,2
448,"Operation Kino eSports",17838.77,19
25039,"Rainbow7",17625,2
24827,"Vendetta",17556.02,3
116,"Guild of Imbalance",17519.42,25
24979,"Entropiq",17469.43,12
737,"iNETKOXTV",17464.1,20
25031,"ESPADA",17337,4
24719,"Afterthought",17320,4
250,"Aware Gaming",17114.31,11
24738,"JOTA eSport",17000,1
350,"Vicious Syndicate Gaming",16925,10
565,"Seattle Surge",16900,5
255,"eoLithic",16772.87,3
24731,"Equinox Gaming",16634.33,17
811,"Lebanon National Team",16610.22,2
691,"Israel National Team",16600,3
24961,"Team Sampi",16494.43,13
651,"InControl Gaming",16433.36,32
772,"Netcode Illuminati",16300,5
705,"Miami Flamingos‏ e-Sports",16183.99,26
514,"Hyper Youth Gaming",16108,1
249,"VanQuish",16105.4,9
25085,"GUTS Gaming",16000,2
935,"PlayerOne Esports",16000,3
105,"It's Gosu eSports",15915.54,31
179,"Area 51 Gaming",15800,4
369,"The Last Resistance",15767.53,4
387,"EloHell",15643.43,4
24923,"IziDream",15437.35,2
24761,"Team Lindner",15106.95,9
541,"Game Talents",15013.4,1
527,"Brain Power",15000,1
472,"Odyssey Gaming",15000,2
455,"Singapore Sword",15000,1
458,"Stockholm Magnetik",15000,1
470,"Wuhan Dragon",15000,1
375,"Arcade eSports",14925.93,13
24914,"Fierce Esports",14791.57,7
321,"Control Gaming",14751.68,110
496,"Team gamed!de",14588.9,9
803,"DAN Gaming",14528.5,1
604,"Hungarian National Team",14518.11,5
540,"Tollenz Lions",14323.49,19
24759,"Ancient Warriors",14310.62,8
476,"Sinners Never Sleep",14302.87,4
24752,"Die Landeier",14257.7,11
25084,"Timbers Esports",14000,2
465,"Astralis (Finnish)",13837.79,7
25015,"Signify",13829.29,2
509,"Romandy Gaming",13695.06,50
24867,"Kanga Esports",13500,7
432,"Team Innova",13434.23,11
630,"EndGameTV",13345.91,47
24760,"Team HORSCH",13251.78,6
429,"Bob Question Mark",13240.19,6
24723,"Aerowolf",13000,1
25045,"Omni Nation",13000,1
25023,"BMW Esports",12900,1
504,"Rebels Anarchy",12814.95,2
542,"Team LeiFeng",12802.27,54
24912,"Radix eSports",12753.81,8
24985,"Ovation eSports",12750,8
24698,"Halocline Gaming",12737.84,13
24876,"Dragons Esports Club",12639.13,4
415,"Quarter after Midnight",12548.88,36
24947,"Attack All Around",12522.23,6
24926,"Overt",12350,4
717,"Hammers Esports",12307.27,10
424,"Fatal Ambition",12282.96,4
24888,"Game Agents",12018.15,2
24740,"Virtualdrivers TX3",12000,1
110,"eSahara",11870.62,19
822,"Mentality Esports",11840.75,20
806,"Final-Gaming",11576.18,18
25014,"Energy Esports",11514.54,3
24949,"Mythic",11500,7
24929,"Riddle Esports",11451.55,2
533,"ExAequo",11446,4
272,"Universal Soldiers",11350,4
25086,"MercenarieZ",11250,2
25087,"Union Gaming",11250,2
24741,"Team Highlands Racing",11000,2
269,"Vitriolic",10992.91,5
24854,"Justice Esports",10824.45,3
24853,"SYF Gaming",10721.75,9
24974,"Lucid Dream",10466.08,7
607,"Belarusian National Team",10382.12,5
24816,"Výfuk",10241.81,4
800,"Coalition Gaming",10020.3,17
24855,"Furious Gaming",10000.23,11
945,"Carleton University",10000,1
595,"Slovakian National Team",9816.1,3
24732,"Genuine Gaming",9794.55,9
853,"EXPLOSIVE",9750,2
24811,"Disrupt Gaming",9500,5
140,"Air Force ACE",9413.89,10
728,"Team Iris",9377.5,20
24778,"Burning Core",9340.2,3
24932,"mCon esports Rotterdam",9279.21,7
24970,"Global Esports",9134.4,5
24673,"Sinai Village",9106.7,35
24981,"Mamba Mode Gaming",9050,9
24695,"Nevermore eSports",8962.05,11
24756,"SDL eSports",8958.9,3
151,"starComa",8950.92,2
24992,"Exeed Esports",8900,5
679,"Fusion Girls",8873.48,5
24791,"Paradox Gaming",8860.97,9
659,"Keep Gaming",8850.65,6
24837,"GoSkilla",8796.69,2
328,"The Steam Co",8660.75,59
648,"Fly Society",8623.13,21
25034,"Bren Esports",8500,2
370,"Professional Skills",8424.84,5
178,"Pulse Esports",8408.82,15
703,"Indonesian National Team",8400,2
25009,"Dynasty",8356.55,7
725,"Red Bulls",8241.45,1
692,"Malay National Team",8200,2
24954,"dizLown",8043.58,4
618,"Colombian National Team",7958.56,2
24960,"GameWard",7711.11,6
566,"Trail Gaming League",7640.33,22
815,"Mirage",7532.38,4
697,"Croatian National Team",7525,3
25075,"INDIAN CLASHERS",7500,1
461,"Rio Sinistro",7500,1
463,"Seoul Jinhwa",7500,1
924,"Crack Clan",7486.92,3
629,"Team Viral",7456.46,28
24984,"Grizi Esport",7400,8
24892,"Trident Esports",7389.19,8
722,"Serenity Sports",7336.61,14
353,"Heimerdinger's Colossi",7285.84,6
647,"V8 eSports",7250,3
24779,"Malvinas Gaming",7164.3,7
24762,"Team Komatsu Forest",7069.67,4
25046,"Plot Twist",7000,1
160,"Virus Gaming",6998.62,28
751,"Balance Gaming",6800.12,24
25058,"lvlUP",6517.36,4
538,"Polarity",6500,3
25026,"JAESA Team Suzuki",6450,1
25025,"Team Fordzilla",6450,1
25024,"YAS HEAT",6450,1
24987,"Granit Gaming",6375,13
428,"MKZ",6345.52,2
346,"Assassin Sniper",6308.4,2
724,"Rhinos Gaming",6289.76,3
549,"Team Heir",6274.61,38
24710,"Icelandic National Team",6157.85,2
960,"Saudi National Team",6100,2
25063,"Resistance",6000,2
24798,"Team Mantra",6000,1
961,"South African National Team",5800,2
25021,"REJECT",5796.06,3
24846,"RÄHINÄ eGameStars",5774.13,2
24941,"Big Frames",5750,8
25022,"Sengoku Gaming",5701.68,1
24880,"Team Parallel",5625.8,3
752,"Team YP",5605.2,11
24956,"GameHome Esports",5536,3
24751,"Landwirtschaft3.0",5446.99,3
24764,"Team CLAAS",5433.53,4
25076,"DARK TANGENT",5000,1
950,"Haas F1 Esports Team",5000,1
24767,"Indian National Team",5000,1
24766,"Irish National Team",5000,1
24768,"Latvian National Team",5000,1
24769,"Paraguayan National Team",5000,1
25044,"Warriors International",5000,1
738,"INSHOCK",4979.07,7
24973,"Suomi",4925,2
391,"Team Lucky Draw",4888.34,10
490,"True AmBition",4866.01,35
166,"RattleSnake",4761.1,3
487,"Redbloods",4672.8,19
24727,"Dark Origin",4663.01,3
282,"Templars of Twilight",4519.27,6
24994,"Cosa Nostra Games",4500,3
24978,"Kansas City Pioneers",4500,3
24838,"BOX Gaming",4350,3
25008,"Brussels Guardians",4326.44,5
758,"RELAPSE Gaming",4324.41,6
710,"Laser Kittenz",4300,2
170,"Clarity Gaming",4295.38,7
576,"Team Phoenix",4250,3
484,"I Will Kill You Gaming",4184.62,3
378,"Awsomniac",4174.28,2
377,"Benched Gaming",4054.84,5
554,"Mortality",3975.3,29
379,"DragonBorns",3965.4,1
24983,"Enterprise Gaming",3850,6
24916,"Salamander Gaming",3825,3
754,"FStep",3773.8,10
25070,"Activit-E",3750,1
25074,"Goethe",3750,1
25072,"Hagure MetaL",3750,1
25062,"Hama",3750,1
25064,"Kapinalliset",3750,1
25068,"RTK",3750,1
25067,"TownHall.Legend",3750,1
25083,"B7 Warriors",3705,2
836,"Zerator",3697.09,6
276,"Five Crowns",3502.85,2
547,"qwerty",3500,2
936,"Monolith Gaming",3474,3
24807,"Aera Esport",3391.94,1
436,"El NeXo",3307.48,9
932,"Fursan Esports",3300,4
303,"Pandora's Mighty Soldiers",3250,5
24896,"Game Fist",3155.69,2
813,"Team Invited",3153.43,1
782,"Red Coin",3028.8,5
24757,"Team AMAZONE",3000.72,3
798,"Dynamo Kyiv Esports",3000,2
25030,"OPAA Gaming",3000,1
838,"Team Requiem",2922.34,3
24887,"Team LEISURE",2869.44,2
552,"Team Prismatic",2856.99,21
488,"Glacial Gaming",2852.25,15
25011,"⁠Team THRLL",2848.88,2
24863,"Team SiNister",2847.34,2
24895,"Team of elite guys",2807.92,2
24675,"Augury Gaming",2801.6,6
570,"Lets Play",2787.47,22
24699,"orKs Grand Poitiers",2672.46,13
24691,"Thunder Gaming",2550.05,7
122,"Praetoriani",2544.48,11
809,"4 Asians Plus 1",2500,1
590,"Kyrgyzsian National Team",2500,1
603,"Tunesian National Team",2500,1
25020,"BlackBird Ignis",2450.6,2
24758,"BEDNAR Team",2441.01,2
25053,"Team Toxic",2340,1
640,"Team Oxy",2314,18
24964,"Signature Gaming",2305.48,2
493,"Haven Esports",2265.43,22
24976,"Se7en eSports",2250,2
498,"Great British Pounding",2213.61,2
532,"Kingsmen",2207.82,7
24935,"HONORIS",2172.12,1
25004,"KV Mechelen",2142.65,2
837,"War Legend",2128.81,3
24685,"Supersonic Avengers",2115.1,9
564,"Olympus Esports",2106.65,20
146,"Salade Tomate Oignon",2061.31,1
24799,"Nfinite",2000,1
24951,"Oryx Esports",2000,1
624,"Sporting CP eSports",2000,1
24802,"Team Chaotic",2000,1
24730,"Team Razer",2000,1
24995,"vsBANDITS",2000,1
491,"Amino",1987.35,17
360,"Grow uP Gaming",1971.37,2
128,"WeRRa",1969.74,2
25038,"Revolution",1968.89,3
24681,"Kings of Urban",1950,11
729,"Myth Gaming",1900,3
154,"LighT eSports",1870.48,3
24925,"ACE1",1700,4
24962,"Gaming Privé",1652.16,12
25019,"KPI Gaming",1594.94,1
376,"GSI Gaming",1509.61,1
24952,"1NE eSports",1500,1
24966,"ASMR eSports",1500,1
24770,"c0ntact Gaming",1500,1
24980,"Morning Light",1500,2
244,"Team Saw",1500,1
25005,"Aethra Esports",1467.63,1
24977,"Big Time Regal Gaming",1447,1
25082,"Team Valtra",1435.63,1
390,"Team Innovation",1433.17,4
182,"Vile Gaming",1350,2
685,"BOT Empire",1322.8,5
535,"Synthetik",1303.03,7
292,"Rock Solid",1300,2
232,"Fuse",1250,1
394,"XDG Gaming",1250,1
492,"Frequency",1220,7
24997,"Rams",1200,1
25006,"Team 7AM",1174.1,1
619,"SilentSquad",1141.88,9
556,"AntiBeat Multigaming",1107.97,2
24920,"Team XENEX",1106.45,3
24889,"AVENUE eSports",1052.33,2
24988,"Team Vikings",1050,2
186,"Team Menace.fi",1014.09,8
25037,"Paper Rex",1000,1
449,"Team Symthic",1000,1
202,"Unitary Guerilla Platoon",1000,1
25033,"YaLLa Esports",1000,1
24701,"eMonkeyz",997.99,3
24763,"Alki-Agrar",984.64,1
24930,"Honig Gäng",973.94,1
749,"EMP",959.3,3
784,"UX Gaming",950.94,6
24986,"OtterWorld eSport",950,3
563,"MisaiFix",906.51,8
24688,"BOT",898.32,24
24873,"Refund Gaming",894.75,3
25003,"B4 eSports",886.29,1
25007,"RSC Anderlecht Esports",880.58,1
25055,"euphoria",877,1
24972,"SalzZ",874,2
812,"ePunks",800,1
662,"Lone Ranger",735.7,6
24928,"Triple A Esports",708,1
24999,"Athletix eSport",700,2
24852,"Inside Games",694.8,2
750,"Good Game Labs",694.62,4
553,"Team Ascension",659.2,3
24915,"Horus Esports",642.51,1
757,"Eraiize",621.34,8
670,"Black Craft Spirits",600.6,3
24805,"Golden Modem Squad",600,2
25035,"orKs Grand Poitiers",590,1
438,"Team Xcution",586.4,3
25054,"MUTED",585,1
796,"squad",570.56,3
511,"West Ham United",567.55,1
24808,"Yunktis",565.32,1
804,"For Glory",500,2
569,"GamersLeague eSport",487.51,6
25073,"Aphelion Esports",471,1
567,"U4X eSports",469.68,6
620,"Degasa",435.73,7
555,"Team Tower",400,1
568,"Permafrost Gaming",399.62,4
381,"SUPA HOT CREW XD",350,1
24697,"Hound Esports",337.51,2
24936,"Cocktails Dannati",331.06,14
24897,"Centaury Event",328.35,11
25059,"Good Game",292,1
25056,"Kum Gaming",292,1
25057,"Marten Gaming",292,1
785,"Team EGO",278.07,6
681,"GameTyrant",272.2,6
24809,"Exillium Esports",258.97,1
24728,"Fudoh",250,1
25040,"TopHard Esports",250,1
631,"Rabbit Deaf e-Sports",223.42,8
25000,"Technocracy",217.33,7
497,"Ionic.gg",211.96,1
24804,"Sage eSports",200,1
24982,"Sunflower Gaming",200,1
467,"Apocalypse eSports",169.25,4
24694,"Joe Gibbs Racing",155,1
632,"Defenses Geniuses",151.45,2
24940,"Team Immunity",150,1
173,"Team Legion",150,1
686,"G-Force",145,1
617,"Kids Next Door",136,2
641,"Geeky Goon Squad",128.13,8
24924,"Vikingekrig Esports",125,1
578,"KATT5",114.8,2
24693,"JR Motorsports",108,1
25048,"Arrowgant Combottants",70.2,1
573,"BOXR",48.37,1
634,"Aptitude E-Sports",28.05,1
633,"GuildWars",21.92,1
258,"aDversity",0,NA
964,"Astral Gaming",0,NA
24989,"B4stardos",0,NA
24922,"Borowiki",0,NA
24927,"BS COMPEITION",0,NA
24765,"CCyber Giants",0,NA
858,"Chengdu Hunters",0,NA
672,"Cocodrilos eSports",0,NA
24990,"DC Team",0,NA
25081,"Death Dealers",0,NA
562,"Degasa",0,NA
747,"Edax Pro",0,NA
332,"Elements",0,NA
24910,"eRow Team",0,NA
24726,"eXo eSports",0,NA
24665,"ExoTique eSPORT",0,NA
24666,"ExoTique eSPORT",0,NA
680,"Extreme Dive Gaming",0,1
855,"FATEH",0,NA
245,"Fearless Under Fire",0,NA
161,"Fightline",0,NA
25028,"Floodebollerogkokus",0,NA
917,"Galatasaray Esports",0,NA
25061,"Good Game Gaming",0,NA
336,"Gravity",0,NA
25088,"Guild Esports",0,NA
25052,"Impave Gaming",0,NA
522,"KingSurf",0,NA
24931,"KurdGamers",0,NA
959,"LANGUDAR",0,NA
854,"Legion",0,NA
534,"Liquid Gaming",0,NA
25050,"Los Angeles Thieves",0,NA
25080,"M.K.M.A",0,NA
25029,"MASONIC",0,NA
171,"My Intent",0,NA
325,"NECKBREAK",0,NA
24721,"Nemesis Esports",0,NA
778,"NeST Gaming",0,NA
25078,"Nolex",0,NA
24686,"Oasis eSports",0,NA
24711,"ObnoxiousGaming",0,NA
25001,"Old Man Rock",0,NA
25051,"OpTic Chicago",0,NA
24937,"PNG Clan",0,NA
669,"Potassium eSports",0,NA
628,"Primal",0,NA
905,"Project Eversio.BO4",0,NA
906,"Project Eversio.BO4",0,NA
907,"Project Eversio.BO4",0,NA
908,"Project Eversio.BO4",0,NA
24840,"Purple Moods Esport",0,NA
310,"Revenge Gaming",0,NA
755,"RockPaperSmashville",0,NA
560,"Royalty",0,NA
515,"Saint Club",0,NA
939,"Sandbox",0,NA
828,"SCHWACHKOPF",0,NA
280,"se mi puta",0,NA
25077,"Silent Snipers",0,NA
24998,"Spectrum ESC",0,NA
25013,"Speed eSports",0,NA
741,"Steel Wolf",0,NA
952,"Syntic eSports",0,NA
324,"Team Elunes",0,NA
279,"Team Karma",0,NA
327,"Team MxB",0,NA
756,"Team Solstice",0,NA
25017,"Team TapOnce",0,NA
307,"UnWanted",0,NA
294,"WARMAKER",0,NA
25047,"William Byron Esports",0,NA
24692,"Wood Brothers Racing",0,NA
24862,"YMCA Esports",0,NA
446,"ZTR Gaming",0,NA
